index,Date,Price,Open,High,Low,Volume,Chg%,NIFTY
1,01-Jan-20,71.227,71.365,71.377,71.225,1.16K,-0.18%,12182.50
2,02-Jan-20,71.35,71.235,71.408,71.235,4.63K,0.17%,12282.20
3,03-Jan-20,71.77,71.61,71.844,71.52,7.49K,0.59%,12226.65
4,06-Jan-20,71.867,72.011,72.123,71.834,7.44K,0.14%,11993.05
5,07-Jan-20,71.845,71.765,71.923,71.67,6.69K,-0.03%,12052.95
6,08-Jan-20,71.51,71.954,72.114,71.466,7.40K,-0.47%,12025.35
7,09-Jan-20,71.21,71.51,71.544,71.134,7.00K,-0.42%,12215.90
8,10-Jan-20,70.96,71.24,71.26,70.848,7.39K,-0.35%,12256.80
9,13-Jan-20,70.71,70.805,70.945,70.71,6.16K,-0.35%,12329.55
10,14-Jan-20,70.85,70.72,70.975,70.72,6.81K,0.20%,12362.30
11,15-Jan-20,70.72,71,71.023,70.682,5.32K,-0.18%,12343.30
12,16-Jan-20,70.978,70.775,71.007,70.775,6.30K,0.36%,12355.50
13,17-Jan-20,71.079,70.953,71.099,70.933,6.69K,0.14%,12352.35
14,20-Jan-20,71.04,71.07,71.16,71.01,5.07K,-0.05%,12224.55
15,21-Jan-20,71.17,71.19,71.25,71.121,3.97K,0.18%,12169.85
16,22-Jan-20,71.08,71.18,71.265,71.076,5.63K,-0.13%,12106.90
17,23-Jan-20,71.4,71.19,71.465,71.169,6.19K,0.45%,12180.35
18,24-Jan-20,71.33,71.34,71.371,71.22,3.39K,-0.10%,12248.25
19,27-Jan-20,71.45,71.475,71.52,71.373,5.00K,0.17%,12119.00
20,28-Jan-20,71.2,71.432,71.432,71.2,6.62K,-0.35%,12055.80
21,29-Jan-20,71.31,71.24,71.411,71.165,7.10K,0.15%,12129.50
22,30-Jan-20,71.55,71.42,71.66,71.39,3.41K,0.34%,12035.80
23,31-Jan-20,71.555,71.575,71.578,71.294,8.25K,0.01%,11962.10
24,03-Feb-20,71.324,71.523,71.653,71.268,7.48K,-0.32%,11661.85
25,04-Feb-20,71.115,71.215,71.298,71.09,6.65K,-0.29%,11707.90
26,05-Feb-20,71.19,71.11,71.3,71.11,4.24K,0.11%,11979.65
27,06-Feb-20,71.225,71.181,71.3,71.107,6.37K,0.05%,12089.15
28,07-Feb-20,71.515,71.26,71.538,71.213,6.21K,0.41%,12137.95
29,10-Feb-20,71.29,71.4,71.457,71.285,8.31K,-0.31%,12098.35
30,11-Feb-20,71.285,71.235,71.33,71.179,6.17K,-0.01%,12031.50
31,12-Feb-20,71.306,71.211,71.391,71.211,5.72K,0.03%,12107.90
32,13-Feb-20,71.33,71.36,71.511,71.254,4.53K,0.03%,12201.20
33,14-Feb-20,71.529,71.294,71.597,71.272,6.80K,0.28%,12174.65
34,17-Feb-20,71.34,71.43,71.507,71.26,5.36K,-0.26%,12113.45
35,18-Feb-20,71.585,71.415,71.611,71.375,4.96K,0.34%,12045.80
36,19-Feb-20,71.6,71.573,71.6,71.452,0.29K,0.02%,11992.50
37,20-Feb-20,71.68,71.735,71.82,71.53,4.76K,0.11%,12125.90
38,21-Feb-20,71.88,71.665,72.056,71.665,0.16K,0.28%,12080.85
39,24-Feb-20,71.935,71.915,72.015,71.775,4.46K,0.08%,11829.40
40,25-Feb-20,71.82,71.87,71.92,71.611,4.83K,-0.16%,11797.90
41,26-Feb-20,71.58,71.833,71.873,71.532,5.63K,-0.33%,11678.50
42,27-Feb-20,71.655,71.645,71.704,71.545,5.35K,0.10%,11633.30
43,28-Feb-20,72.539,71.755,72.574,71.755,6.59K,1.23%,11201.75
44,02-Mar-20,72.882,72.52,72.954,72.028,6.08K,0.47%,11132.75
45,03-Mar-20,73.05,72.48,73.397,72.44,6.74K,0.23%,11303.30
46,04-Mar-20,73.54,73.06,73.64,72.91,7.57K,0.67%,11251.00
47,05-Mar-20,73.506,73.518,73.565,73.044,1.92K,-0.05%,11269.00
48,06-Mar-20,74.004,73.873,74.073,73.529,1.47K,0.68%,10989.45
49,09-Mar-20,74.196,73.975,74.254,73.85,6.07K,0.26%,10451.45
50,10-Mar-20,74.15,74.248,74.248,74.15,0.01K,-0.06%,10458.40
51,11-Mar-20,73.682,73.792,74.015,73.532,6.53K,-0.63%,9590.15
52,12-Mar-20,74.576,74.134,74.579,74.074,5.86K,1.21%,9955.20
53,13-Mar-20,73.84,74.561,74.561,73.732,5.26K,-0.99%,9197.40
54,16-Mar-20,74.003,74.006,74.359,73.999,4.32K,0.22%,8967.05
55,17-Mar-20,74.062,74.072,74.315,73.858,5.21K,0.08%,8468.80
56,18-Mar-20,74.55,73.974,74.55,73.924,5.63K,0.66%,8263.45
57,19-Mar-20,74.786,74.855,75.311,74.667,4.71K,0.32%,8745.45
58,20-Mar-20,75.399,74.804,75.399,74.704,4.98K,0.82%,7610.25
59,23-Mar-20,76.335,75.38,76.335,75.38,2.39K,1.24%,7801.05
60,24-Mar-20,76.379,76.079,76.386,75.95,2.04K,0.06%,8317.85
61,25-Mar-20,76.375,76.375,76.375,76.375,0,-0.01%,8641.45
62,26-Mar-20,74.889,75.864,75.954,74.889,2.33K,-1.95%,8660.25
63,27-Mar-20,75.472,74.603,75.528,74.353,0.36K,0.78%,8281.10
64,30-Mar-20,75.41,75.14,75.67,75.093,1.86K,-0.08%,8597.75
65,31-Mar-20,75.343,75.53,75.685,75.28,2.06K,-0.09%,8253.80
66,01-Apr-20,76.404,75.315,76.422,75.315,0.05K,1.41%,8083.80
67,02-Apr-20,76.4,76.387,76.431,76.346,0.08K,-0.01%,8792.20
68,03-Apr-20,76.24,75.954,76.304,75.764,2.65K,-0.21%,8748.75
69,06-Apr-20,75.975,76.253,76.268,75.902,0.10K,-0.35%,9111.90
70,07-Apr-20,75.645,75.988,76.008,75.543,1.99K,-0.43%,8993.85
71,08-Apr-20,75.945,75.638,76.405,75.638,1.77K,0.40%,8925.30
72,09-Apr-20,76.3,76.103,76.555,76.019,2.32K,0.47%,8992.80
73,10-Apr-20,75.879,75.903,75.937,75.849,0.08K,-0.55%,9266.75
74,13-Apr-20,76.249,75.881,76.449,75.881,1.96K,0.49%,9261.85
75,14-Apr-20,76.015,76.321,76.376,76.015,0.32K,-0.31%,8981.45
76,15-Apr-20,76.564,76.038,76.654,75.936,2.78K,0.72%,9187.30
77,16-Apr-20,76.805,76.638,76.927,76.563,2.43K,0.31%,9313.90
78,17-Apr-20,76.55,76.829,76.829,76.238,2.48K,-0.33%,9154.40
79,20-Apr-20,76.575,76.553,76.68,76.283,0.83K,0.03%,9282.30
80,21-Apr-20,76.975,76.585,77.006,76.585,0.93K,0.52%,9380.90
81,22-Apr-20,76.41,76.938,77.018,76.41,0.83K,-0.73%,9553.35
82,23-Apr-20,75.895,76.468,76.468,75.826,2.86K,-0.67%,9859.90
83,24-Apr-20,76.27,75.825,76.488,75.825,2.77K,0.49%,9293.50
84,27-Apr-20,76.229,76.27,76.347,76.019,2.45K,-0.05%,9205.60
85,28-Apr-20,76.065,76.127,76.45,75.815,2.52K,-0.22%,9270.90
86,29-Apr-20,75.455,76.063,76.11,75.455,3.28K,-0.80%,9199.05
87,30-Apr-20,75.08,75.405,75.43,74.91,3.69K,-0.50%,9251.50
88,01-May-20,75.749,75.32,75.805,75.294,0.54K,0.89%,9239.20
89,04-May-20,75.64,75.758,75.82,75.581,3.44K,-0.14%,9196.55
90,05-May-20,75.71,75.65,75.87,75.489,3.75K,0.09%,9383.55
91,06-May-20,76.105,75.828,76.111,75.653,3.51K,0.52%,9142.75
92,07-May-20,75.794,76.099,76.152,75.78,0.48K,-0.41%,9136.85
93,08-May-20,75.535,75.611,75.665,75.285,3.32K,-0.34%,8823.25
94,11-May-20,75.888,75.561,75.948,75.476,5.78K,0.47%,8879.10
95,12-May-20,75.062,75.971,75.993,75.049,4.05K,-1.09%,9066.55
96,13-May-20,75.365,75.278,75.51,75.045,3.71K,0.40%,9106.25
97,14-May-20,75.495,75.454,75.712,75.335,4.38K,0.17%,9039.25
98,15-May-20,75.83,75.521,75.95,75.416,3.56K,0.44%,9029.05
99,18-May-20,75.7,75.838,76.07,75.639,3.18K,-0.17%,9314.95
100,19-May-20,75.645,75.605,75.795,75.552,3.77K,-0.07%,9490.10
101,20-May-20,75.555,75.705,75.865,75.453,4.51K,-0.12%,9580.30
102,21-May-20,75.62,75.54,75.833,75.386,3.45K,0.09%,9826.15
103,22-May-20,75.95,75.663,76.018,75.633,4.41K,0.44%,9979.10
104,25-May-20,75.887,75.951,76.11,75.855,0.31K,-0.08%,10061.55
105,26-May-20,75.459,75.868,75.88,75.412,1.83K,-0.56%,10029.10
106,27-May-20,75.92,75.565,75.988,75.538,4.51K,0.61%,10142.15
107,28-May-20,75.66,75.812,75.91,75.632,5.41K,-0.34%,10167.45
108,29-May-20,75.605,75.705,75.755,75.448,4.31K,-0.07%,10046.65
109,01-Jun-20,75.505,75.473,75.773,75.275,5.28K,-0.13%,10116.15
110,02-Jun-20,75.1,75.553,75.628,74.97,6.13K,-0.54%,9902.00
111,03-Jun-20,75.325,75.063,75.555,75.02,5.41K,0.30%,9972.90
112,04-Jun-20,75.459,75.373,75.66,75.355,4.88K,0.18%,9813.70
113,05-Jun-20,75.56,75.432,75.725,75.325,5.18K,0.13%,9914.00
114,08-Jun-20,75.4,75.578,75.685,75.4,5.43K,-0.21%,9881.15
115,09-Jun-20,75.505,75.458,75.702,75.423,6.94K,0.14%,10091.65
116,10-Jun-20,75.635,75.532,75.676,75.419,5.34K,0.17%,10244.40
117,11-Jun-20,75.971,75.672,75.971,75.579,5.78K,0.44%,10311.20
118,12-Jun-20,76.05,75.992,76.26,75.772,7.54K,0.10%,10471.00
119,15-Jun-20,75.979,76.073,76.19,75.936,6.95K,-0.09%,10305.30
120,16-Jun-20,76.25,75.865,76.311,75.78,7.75K,0.36%,10288.90
121,17-Jun-20,76.29,76.268,76.37,76.082,7.24K,0.05%,10383.00
122,18-Jun-20,76.4,76.263,76.4,76.046,7.12K,0.14%,10312.40
123,19-Jun-20,76.26,76.349,76.373,76.093,6.08K,-0.18%,10302.10
124,22-Jun-20,75.79,76.268,76.303,75.723,6.51K,-0.62%,10430.05
125,23-Jun-20,75.503,75.802,75.916,75.455,6.08K,-0.38%,10551.70
126,24-Jun-20,75.665,75.486,75.78,75.486,6.66K,0.21%,10607.35
127,25-Jun-20,75.587,75.717,75.782,75.503,5.96K,-0.10%,10763.65
128,26-Jun-20,75.62,75.58,75.688,75.435,4.43K,0.04%,10799.65
129,29-Jun-20,75.51,75.628,75.66,75.458,5.43K,-0.15%,10705.75
130,30-Jun-20,75.545,75.523,75.628,75.425,5.84K,0.05%,10813.45
131,01-Jul-20,75.49,75.51,75.629,75.466,4.35K,-0.07%,10768.05
132,02-Jul-20,74.75,75.46,75.54,74.646,5.40K,-0.98%,10802.70
133,03-Jul-20,74.636,74.597,75.027,74.567,3.91K,-0.15%,10607.35
134,06-Jul-20,74.635,74.639,74.83,74.485,6.10K,0.00%,10618.20
135,07-Jul-20,74.81,74.645,74.979,74.635,5.59K,0.23%,10739.95
136,08-Jul-20,74.94,74.835,75.084,74.825,5.11K,0.17%,10901.70
137,09-Jul-20,75.14,74.935,75.166,74.902,6.15K,0.27%,11022.20
138,10-Jul-20,75.19,75.165,75.34,75.141,4.64K,0.07%,11162.25
139,13-Jul-20,75.187,75.195,75.237,75.082,5.96K,0.00%,11132.60
140,14-Jul-20,75.378,75.275,75.535,75.268,6.85K,0.25%,11215.45
141,15-Jul-20,75.12,75.325,75.38,75.05,7.09K,-0.34%,11194.15
142,16-Jul-20,75.17,75.115,75.295,75.107,5.25K,0.07%,11131.80
143,17-Jul-20,74.884,75.2,75.255,74.897,5.94K,-0.38%,11300.55
144,20-Jul-20,74.74,74.898,75.033,74.735,5.89K,-0.19%,11202.85
145,21-Jul-20,74.53,74.725,74.875,74.516,6.01K,-0.28%,11102.15
146,22-Jul-20,74.6,74.543,74.872,74.509,4.20K,0.09%,11073.45
147,23-Jul-20,74.81,74.625,74.961,74.6,5.88K,0.28%,10891.60
148,24-Jul-20,74.75,74.908,74.985,74.697,6.19K,-0.08%,11095.25
149,27-Jul-20,74.79,74.76,74.902,74.665,4.72K,0.05%,11101.65
150,28-Jul-20,74.907,74.785,74.943,74.707,6.41K,0.16%,11200.15
151,29-Jul-20,74.923,74.87,74.949,74.676,6.58K,0.02%,11214.05
152,30-Jul-20,74.875,74.83,74.967,74.795,5.59K,-0.06%,11270.15
153,31-Jul-20,74.916,74.75,74.939,74.685,5.49K,0.05%,11322.50
154,03-Aug-20,75.18,74.918,75.314,74.863,4.96K,0.35%,11308.40
155,04-Aug-20,75.06,75.165,75.214,74.962,3.64K,-0.16%,11300.45
156,05-Aug-20,74.796,74.982,75.03,74.763,6.17K,-0.35%,11178.40
157,06-Aug-20,74.89,74.875,75.017,74.777,5.71K,0.13%,11247.10
158,07-Aug-20,75.012,75.073,75.112,74.891,5.55K,0.16%,11385.35
159,10-Aug-20,74.87,75.025,75.025,74.857,1.03K,-0.19%,11408.40
160,11-Aug-20,74.61,74.855,74.887,74.522,3.19K,-0.35%,11312.20
161,12-Aug-20,74.79,74.615,74.935,74.615,3.34K,0.24%,11371.60
162,13-Aug-20,74.811,74.775,74.933,74.769,2.87K,0.03%,11466.45
163,14-Aug-20,74.874,74.89,74.978,74.734,3.21K,0.08%,11472.25
164,17-Aug-20,74.743,74.903,74.921,74.715,3.09K,-0.17%,11549.60
165,18-Aug-20,74.57,74.74,74.886,74.575,3.22K,-0.23%,11559.25
166,19-Aug-20,74.846,74.655,74.935,74.628,3.52K,0.37%,11647.60
167,20-Aug-20,75.012,74.973,75.132,74.935,3.70K,0.22%,11387.50
168,21-Aug-20,74.92,74.98,75.005,74.82,3.16K,-0.12%,11470.25
169,24-Aug-20,74.168,74.922,74.922,73.962,4.90K,-1.00%,11535.00
170,25-Aug-20,74.202,74.1,74.517,74.07,6.79K,0.05%,11527.45
171,26-Aug-20,74.217,74.225,74.459,74.193,6.88K,0.02%,11333.85
172,27-Aug-20,73.894,74.29,74.37,73.782,4.04K,-0.44%,11355.05
173,28-Aug-20,73.114,73.827,73.878,73.116,6.66K,-1.06%,11317.35
174,31-Aug-20,73.254,73.115,73.702,73.05,4.53K,0.19%,11278.00
175,01-Sep-20,73.002,73.215,73.225,72.753,6.38K,-0.34%,11449.25
176,02-Sep-20,73.268,73.143,73.32,72.893,7.79K,0.36%,11464.45
177,03-Sep-20,73.389,73.225,73.57,73.151,6.89K,0.17%,11440.05
178,04-Sep-20,73.289,73.48,73.505,73.006,7.23K,-0.14%,11521.80
179,07-Sep-20,73.444,73.291,73.508,73.027,7.29K,0.21%,11604.55
180,08-Sep-20,73.74,73.63,73.974,73.385,8.43K,0.40%,11516.10
181,09-Sep-20,73.3,73.787,73.832,73.31,7.93K,-0.60%,11504.95
182,10-Sep-20,73.43,73.462,73.508,73.155,7.66K,0.18%,11250.55
183,11-Sep-20,73.43,73.535,73.628,73.405,5.87K,0.00%,11153.65
184,14-Sep-20,73.37,73.48,73.605,73.265,1.14K,-0.08%,11131.85
185,15-Sep-20,73.6,73.395,73.735,73.312,4.29K,0.31%,10805.55
186,16-Sep-20,73.53,73.595,73.779,73.465,4.40K,-0.10%,11050.25
187,17-Sep-20,73.6,73.715,73.784,73.581,3.84K,0.10%,11227.55
188,18-Sep-20,73.538,73.475,73.613,73.144,4.47K,-0.08%,11222.40
189,21-Sep-20,73.57,73.535,73.649,73.26,3.60K,0.04%,11247.55
190,22-Sep-20,73.51,73.575,73.645,73.385,3.36K,-0.08%,11416.95
191,23-Sep-20,73.57,73.503,73.635,73.43,1.88K,0.08%,11503.35
192,24-Sep-20,73.9,73.835,74.055,73.765,3.90K,0.45%,11662.40
193,25-Sep-20,73.67,73.735,73.788,73.566,2.96K,-0.31%,11738.85
194,28-Sep-20,73.75,73.685,73.862,73.526,5.66K,0.11%,11834.60
195,29-Sep-20,73.75,73.785,73.918,73.716,3.48K,0.00%,11914.20
196,30-Sep-20,73.56,73.817,73.865,73.522,3.86K,-0.26%,11930.95
197,01-Oct-20,73.193,73.595,73.61,73.021,3.98K,-0.50%,11934.50
198,02-Oct-20,73.29,73.239,73.45,73.239,0.17K,0.13%,11971.05
199,05-Oct-20,73.11,73.295,73.481,73.07,3.39K,-0.25%,11680.35
200,06-Oct-20,73.434,73.093,73.518,73.093,3.37K,0.44%,11762.45
201,07-Oct-20,73.33,73.55,73.613,73.254,4.81K,-0.14%,11873.05
202,08-Oct-20,73.29,73.33,73.381,73.185,5.08K,-0.05%,11896.80
203,09-Oct-20,73.01,73.15,73.265,72.969,4.22K,-0.38%,11937.65
204,12-Oct-20,73.363,73.015,73.428,73.015,3.96K,0.48%,11896.45
205,13-Oct-20,73.4,73.351,73.475,73.245,4.09K,0.05%,11930.35
206,14-Oct-20,73.24,73.395,73.466,73.193,5.37K,-0.22%,11767.75
207,15-Oct-20,73.42,73.295,73.52,73.204,5.15K,0.25%,11889.40
208,16-Oct-20,73.442,73.407,73.451,73.255,4.91K,0.03%,11729.60
209,19-Oct-20,73.35,73.444,73.444,73.289,3.20K,-0.13%,11670.80
210,20-Oct-20,73.44,73.342,73.558,73.295,4.58K,0.12%,11642.40
211,21-Oct-20,73.59,73.44,73.763,73.357,4.32K,0.20%,11669.15
212,22-Oct-20,73.66,73.68,73.808,73.519,4.65K,0.10%,11813.50
213,23-Oct-20,73.829,73.645,73.887,73.471,2.87K,0.23%,11908.50
214,26-Oct-20,73.96,73.842,74.115,73.692,4.16K,0.18%,12120.30
215,27-Oct-20,73.622,73.938,74.021,73.599,4.55K,-0.46%,12263.55
216,28-Oct-20,74.18,73.729,74.271,73.647,5.79K,0.76%,12461.05
217,29-Oct-20,74.37,74.23,74.533,73.938,6.74K,0.26%,12631.10
218,30-Oct-20,74.554,74.32,74.712,74.24,2.94K,0.25%,12749.15
219,02-Nov-20,74.5,74.567,74.567,74.265,4.32K,-0.07%,12690.80
220,03-Nov-20,74.61,74.422,74.635,74.247,4.57K,0.15%,12719.95
221,04-Nov-20,74.365,74.598,75.015,74.337,7.36K,-0.33%,12780.25
222,05-Nov-20,73.91,74.317,74.41,73.914,6.77K,-0.61%,12874.20
223,06-Nov-20,73.974,74.03,74.286,73.86,7.50K,0.09%,12938.25
224,09-Nov-20,74.03,73.976,74.175,73.637,6.50K,0.08%,12771.70
225,10-Nov-20,74.28,73.955,74.478,73.948,6.83K,0.34%,12859.05
226,11-Nov-20,74.439,74.17,74.522,74.17,6.19K,0.21%,12926.45
227,12-Nov-20,74.68,74.438,74.76,74.365,6.09K,0.32%,13055.15
228,13-Nov-20,74.561,74.662,74.725,74.464,5.53K,-0.16%,12858.40
229,16-Nov-20,74.37,74.59,74.59,74.38,1.92K,-0.26%,12987.00
230,17-Nov-20,74.47,74.345,74.635,74.345,5.77K,0.13%,12968.95
231,18-Nov-20,74.11,74.475,74.53,74.058,6.42K,-0.48%,13109.05
232,19-Nov-20,74.1,74.313,74.349,74.103,5.37K,-0.01%,13113.75
233,20-Nov-20,74.11,74.165,74.211,74.056,4.56K,0.01%,13133.90
234,23-Nov-20,74.25,74.12,74.277,74.005,4.88K,0.19%,13258.55
235,24-Nov-20,74.078,74.244,74.244,73.869,5.55K,-0.23%,13355.75
236,25-Nov-20,73.769,73.97,74.017,73.743,5.27K,-0.42%,13392.95
237,26-Nov-20,73.832,73.792,73.913,73.72,5.35K,0.09%,13529.10
238,27-Nov-20,73.933,73.837,74.116,73.742,5.44K,0.14%,13478.30
239,30-Nov-20,73.99,73.935,74.025,73.873,3.73K,0.08%,13513.85
240,01-Dec-20,73.482,74.025,74.025,73.445,6.80K,-0.69%,13558.15
241,02-Dec-20,73.76,73.5,73.836,73.402,5.98K,0.38%,13567.85
242,03-Dec-20,73.86,73.695,73.988,73.67,5.89K,0.14%,13682.70
243,04-Dec-20,73.757,73.865,73.865,73.647,4.18K,-0.14%,13740.70
244,07-Dec-20,73.76,73.805,73.977,73.69,4.61K,0.00%,13760.55
245,08-Dec-20,73.72,73.81,73.846,73.511,4.61K,-0.05%,13328.40
246,09-Dec-20,73.72,73.712,73.73,73.515,2.75K,0.00%,13466.30
247,10-Dec-20,73.74,73.73,73.782,73.625,2.50K,0.03%,13601.10
248,11-Dec-20,73.736,73.73,73.817,73.535,2.50K,-0.01%,13749.25
249,14-Dec-20,73.63,73.738,73.738,73.45,2.48K,-0.14%,13873.20
250,15-Dec-20,73.556,73.674,73.685,73.542,2.32K,-0.10%,13932.60
251,16-Dec-20,73.63,73.532,73.66,73.459,2.61K,0.10%,13981.95
252,17-Dec-20,73.52,73.6,73.635,73.372,2.82K,-0.15%,13981.75
253,18-Dec-20,73.57,73.53,73.588,73.475,2.16K,0.07%,14018.50
254,21-Dec-20,74.026,73.575,74.104,73.575,1.08K,0.62%,14132.90
255,22-Dec-20,73.851,73.94,73.95,73.802,1.29K,-0.24%,14199.50
256,23-Dec-20,73.77,73.905,73.905,73.654,1.26K,-0.11%,14146.25
257,24-Dec-20,73.54,73.8,73.84,73.506,1.00K,-0.31%,14137.35
258,25-Dec-20,73.558,73.558,73.558,73.558,0,0.02%,14347.25
259,28-Dec-20,73.546,73.558,73.613,73.457,0.63K,-0.02%,14484.75
260,29-Dec-20,73.39,73.545,73.545,73.313,1.90K,-0.21%,14563.45
261,30-Dec-20,73.127,73.37,73.398,73.135,4.04K,-0.36%,14564.85
262,31-Dec-20,73.036,73.195,73.243,72.951,4.13K,-0.12%,14595.60
263,01-Jan-21,73.12,73.1,73.128,73.022,0.48K,0.11%,14433.70
264,04-Jan-21,73.07,73.106,73.134,72.83,6.06K,-0.07%,14281.30
265,05-Jan-21,73.12,73.08,73.29,72.98,6.88K,0.07%,14521.15
266,06-Jan-21,73.118,73.168,73.229,73.046,6.05K,0.00%,14644.70
267,07-Jan-21,73.42,73.161,73.482,73.063,6.24K,0.41%,14590.35
268,08-Jan-21,73.33,73.455,73.509,73.201,6.82K,-0.12%,14371.90
269,11-Jan-21,73.455,73.45,73.6,73.357,11.06K,0.17%,14238.90
270,12-Jan-21,73.22,73.494,73.494,73.2,6.41K,-0.32%,13967.50
271,13-Jan-21,73.16,73.19,73.238,73.061,6.96K,-0.08%,13817.55
272,14-Jan-21,73.07,73.135,73.239,72.923,7.09K,-0.12%,13634.60
273,15-Jan-21,73.12,73.089,73.211,72.99,5.80K,0.07%,14281.20
274,18-Jan-21,73.181,73.15,73.333,73.136,6.11K,0.08%,14647.85
275,19-Jan-21,73.19,73.177,73.311,73.113,5.87K,0.01%,14789.95
276,20-Jan-21,72.91,73.192,73.205,72.896,6.61K,-0.38%,14895.65
277,21-Jan-21,72.96,72.916,73.061,72.894,6.07K,0.07%,14924.25
278,22-Jan-21,72.98,72.965,73.111,72.92,6.16K,0.03%,15115.80
279,25-Jan-21,72.96,72.977,73.026,72.878,6.14K,-0.03%,15109.30
280,26-Jan-21,72.91,72.958,73.144,72.854,5.36K,-0.07%,15106.50
281,27-Jan-21,73.06,72.92,73.101,72.785,12.52K,0.21%,15173.30
282,28-Jan-21,72.931,73.022,73.186,72.893,15.94K,-0.18%,15163.30
283,29-Jan-21,72.877,72.93,73.037,72.814,5.74K,-0.07%,15314.70
284,01-Feb-21,73.11,72.918,73.195,72.809,7.55K,0.32%,15313.45
285,02-Feb-21,72.899,73.03,73.104,72.897,7.00K,-0.29%,15208.90
286,03-Feb-21,72.81,72.95,73.018,72.81,6.35K,-0.12%,15118.95
287,04-Feb-21,72.95,72.823,73.003,72.823,5.86K,0.19%,14981.75
288,05-Feb-21,72.81,72.986,73.043,72.775,4.87K,-0.19%,14675.70
289,08-Feb-21,72.93,72.829,73.009,72.776,2.71K,0.16%,14707.80
290,09-Feb-21,72.854,72.93,72.962,72.826,2.95K,-0.10%,14982.00
291,10-Feb-21,72.79,72.865,72.903,72.775,2.70K,-0.09%,15097.35
292,11-Feb-21,72.7,72.815,72.895,72.665,2.06K,-0.12%,14529.15
293,12-Feb-21,72.58,72.706,72.83,72.56,1.89K,-0.17%,14761.55
294,15-Feb-21,72.618,72.613,72.7,72.513,3.26K,0.05%,14919.10
295,16-Feb-21,72.86,72.62,72.917,72.601,3.19K,0.33%,15245.60
296,17-Feb-21,72.815,72.915,72.97,72.725,3.81K,-0.06%,15080.75
297,18-Feb-21,72.58,72.837,72.837,72.537,3.17K,-0.32%,14938.10
298,19-Feb-21,72.55,72.585,72.732,72.418,2.40K,-0.04%,14956.20
299,22-Feb-21,72.44,72.575,72.601,72.285,1.98K,-0.15%,15098.40
300,23-Feb-21,72.38,72.465,72.564,72.308,2.08K,-0.08%,15174.80
301,24-Feb-21,72.38,72.382,72.47,72.263,2.15K,0.00%,15030.95
302,25-Feb-21,72.736,72.412,72.776,72.282,2.06K,0.49%,14929.50
303,26-Feb-21,73.92,72.975,74.06,72.946,1.91K,1.63%,14910.45
304,01-Mar-21,73.396,73.585,73.783,73.167,2.07K,-0.71%,14721.30
305,02-Mar-21,73.25,73.38,73.532,73.26,2.18K,-0.20%,14557.85
306,03-Mar-21,72.93,73.26,73.292,72.688,2.18K,-0.44%,14744.00
307,04-Mar-21,72.733,72.882,73.109,72.598,2.15K,-0.27%,14736.40
308,05-Mar-21,73.18,73.063,73.217,72.74,2.20K,0.61%,14814.75
309,08-Mar-21,73.35,73.21,73.417,72.927,4.94K,0.23%,14549.40
310,09-Mar-21,72.766,73.321,73.386,72.776,4.62K,-0.80%,14324.90
311,10-Mar-21,72.72,72.803,73.107,72.729,4.26K,-0.06%,14507.30
312,11-Mar-21,72.69,72.749,72.801,72.583,1.72K,-0.04%,14845.10
313,12-Mar-21,72.68,72.683,72.871,72.625,2.19K,-0.01%,14690.70
314,15-Mar-21,72.53,72.685,72.786,72.381,2.27K,-0.21%,14867.35
315,16-Mar-21,72.51,72.525,72.643,72.365,2.29K,-0.03%,14637.80
316,17-Mar-21,72.557,72.537,72.636,72.501,2.18K,0.06%,14683.50
317,18-Mar-21,72.69,72.362,72.724,72.32,2.60K,0.18%,14819.05
318,19-Mar-21,72.401,72.673,72.732,72.413,2.43K,-0.40%,14873.80
319,22-Mar-21,72.37,72.469,72.528,72.305,2.03K,-0.04%,14834.85
320,23-Mar-21,72.55,72.395,72.555,72.268,4.09K,0.25%,14310.80
321,24-Mar-21,72.59,72.57,72.726,72.503,4.30K,0.06%,14504.80
322,25-Mar-21,72.66,72.605,72.725,72.558,3.62K,0.10%,14581.45
323,26-Mar-21,72.61,72.635,72.663,72.363,2.52K,-0.07%,14617.85
324,29-Mar-21,72.748,72.526,72.768,72.481,0.75K,0.19%,14359.45
325,30-Mar-21,73.44,72.742,73.631,72.727,2.24K,0.95%,14296.40
326,31-Mar-21,73.137,73.418,73.618,73.05,2.04K,-0.41%,14406.15
327,01-Apr-21,73.323,73.169,73.453,73.155,0.95K,0.25%,14341.35
328,02-Apr-21,73.37,73.3,73.4,73.255,2.45K,0.06%,14485.00
329,05-Apr-21,73.294,73.34,73.463,73.276,1.61K,-0.10%,14653.05
330,06-Apr-21,73.486,73.26,73.502,73.207,2.11K,0.26%,14864.55
331,07-Apr-21,74.352,73.44,74.588,73.432,2.47K,1.18%,14894.90
332,08-Apr-21,74.572,74.46,74.923,74.184,1.80K,0.30%,14631.10
333,09-Apr-21,74.722,74.582,74.98,74.53,2.39K,0.20%,14634.15
334,12-Apr-21,74.98,74.985,75.2,74.733,2.30K,0.35%,14496.50
335,13-Apr-21,75.26,75.029,75.546,74.965,0.97K,0.37%,14617.85
336,14-Apr-21,75.05,75.177,75.251,75.054,0.95K,-0.28%,14724.80
337,15-Apr-21,74.72,75.054,75.35,74.73,2.23K,-0.44%,14823.15
338,16-Apr-21,74.53,74.707,74.854,74.287,2.17K,-0.25%,14942.35
339,19-Apr-21,74.85,74.575,75.055,74.567,2.28K,0.43%,14850.75
340,20-Apr-21,75.38,74.687,75.461,74.507,2.25K,0.71%,14696.50
341,21-Apr-21,75.421,75.356,75.57,75.3,1.01K,0.05%,14677.80
342,22-Apr-21,75.11,75.427,75.435,74.845,2.23K,-0.41%,14923.15
343,23-Apr-21,74.92,75.123,75.126,74.755,2.33K,-0.25%,15108.10
344,26-Apr-21,74.73,74.75,74.917,74.669,4.55K,-0.25%,15030.15
345,27-Apr-21,74.58,74.79,74.839,74.505,4.75K,-0.20%,14906.05
346,28-Apr-21,74.489,74.625,74.63,74.287,4.63K,-0.12%,15175.30
347,29-Apr-21,74.09,74.22,74.293,73.953,5.13K,-0.54%,15197.70
348,30-Apr-21,74.05,74.155,74.222,73.945,4.84K,-0.05%,15208.45
349,03-May-21,73.81,74.279,74.332,73.82,3.98K,-0.32%,15301.45
350,04-May-21,73.76,73.868,73.978,73.765,4.50K,-0.07%,15337.85
351,05-May-21,73.8,73.788,74.048,73.752,4.07K,0.05%,15435.65
352,06-May-21,73.6,73.812,74.011,73.595,4.09K,-0.27%,15582.80
353,07-May-21,73.252,73.619,73.757,73.251,4.05K,-0.47%,15574.85
354,10-May-21,73.45,73.302,73.49,73.273,4.71K,0.27%,15576.20
355,11-May-21,73.37,73.5,73.546,73.281,4.42K,-0.11%,15690.35
356,12-May-21,73.53,73.38,73.544,73.368,2.14K,0.22%,15670.25
357,13-May-21,73.47,73.629,73.654,73.475,0.95K,-0.08%,15751.65
358,14-May-21,73.29,73.465,73.492,73.188,2.18K,-0.24%,15740.10
359,17-May-21,73.33,73.305,73.335,73.149,2.01K,0.05%,15635.35
360,18-May-21,73.05,73.219,73.271,72.956,2.11K,-0.38%,15737.75
361,19-May-21,73.21,73.139,73.257,72.931,2.15K,0.22%,15799.35
362,20-May-21,73.01,73.18,73.238,73.015,2.23K,-0.27%,15811.85
363,21-May-21,72.817,73.022,73.09,72.756,2.15K,-0.26%,15869.25
364,24-May-21,72.83,72.885,72.981,72.822,2.24K,0.02%,15767.55
365,25-May-21,72.79,72.867,72.885,72.745,2.19K,-0.05%,15691.40
366,26-May-21,72.72,72.805,72.805,72.627,1.01K,-0.10%,15683.35
367,27-May-21,72.7,72.704,72.796,72.501,2.30K,-0.03%,15746.50
368,28-May-21,72.4,72.69,72.69,72.315,2.28K,-0.41%,15772.75
369,31-May-21,72.511,72.395,72.656,72.343,4.12K,0.15%,15686.95
370,01-Jun-21,72.86,72.508,72.963,72.483,5.22K,0.48%,15790.45
371,02-Jun-21,72.95,72.86,73.325,72.855,5.36K,0.12%,15860.35
372,03-Jun-21,73.04,73.037,73.185,72.833,4.74K,0.12%,15814.70
373,04-Jun-21,72.86,73.032,73.133,72.819,4.68K,-0.25%,15748.45
374,07-Jun-21,72.786,72.92,72.939,72.741,2.31K,-0.10%,15721.50
375,08-Jun-21,72.95,72.796,72.978,72.763,2.14K,0.23%,15680.00
376,09-Jun-21,72.98,72.945,73.02,72.881,2.18K,0.04%,15722.20
377,10-Jun-21,73.07,72.965,73.134,72.932,2.03K,0.12%,15834.35
378,11-Jun-21,73.24,73.027,73.265,72.889,2.01K,0.23%,15818.25
379,14-Jun-21,73.18,73.282,73.307,73.099,2.09K,-0.08%,15879.65
380,15-Jun-21,73.35,73.228,73.378,73.151,1.99K,0.23%,15727.90
381,16-Jun-21,73.27,73.355,73.394,73.26,2.05K,-0.11%,15689.80
382,17-Jun-21,74.162,73.595,74.247,73.565,2.45K,1.22%,15692.60
383,18-Jun-21,74.1,74.19,74.283,73.804,2.62K,-0.08%,15812.35
384,21-Jun-21,74.13,74.094,74.338,74.053,5.28K,0.04%,15853.95
385,22-Jun-21,74.33,74.112,74.415,74.043,5.24K,0.27%,15924.20
386,23-Jun-21,74.14,74.345,74.398,74.054,4.45K,-0.26%,15923.40
387,24-Jun-21,74.18,74.223,74.274,74.111,4.46K,0.05%,15752.40
388,25-Jun-21,74.21,74.188,74.256,74.114,3.81K,0.04%,15632.10
389,28-Jun-21,74.27,74.183,74.317,74.161,1.87K,0.08%,15824.05
390,29-Jun-21,74.29,74.293,74.348,74.2,2.05K,0.03%,15856.05
391,30-Jun-21,74.36,74.215,74.471,74.205,2.16K,0.09%,15824.45
392,01-Jul-21,74.56,74.374,74.64,74.332,4.31K,0.27%,15746.45
393,02-Jul-21,74.512,74.561,74.885,74.504,5.00K,-0.06%,15709.40
394,05-Jul-21,74.288,74.553,74.57,74.262,4.33K,-0.30%,15778.45
395,06-Jul-21,74.582,74.328,74.625,74.236,4.97K,0.40%,15763.05
396,07-Jul-21,74.79,74.771,74.815,74.567,5.29K,0.28%,15885.15
397,08-Jul-21,74.73,74.759,74.87,74.652,4.73K,-0.08%,16130.75
398,09-Jul-21,74.485,74.772,74.787,74.47,4.47K,-0.33%,16258.80
399,12-Jul-21,74.53,74.552,74.673,74.402,4.52K,0.06%,16294.60
400,13-Jul-21,74.59,74.537,74.68,74.398,4.29K,0.08%,16238.20
401,14-Jul-21,74.46,74.672,74.675,74.459,4.35K,-0.17%,16258.25
402,15-Jul-21,74.54,74.454,74.575,74.434,2.27K,0.11%,16280.10
403,16-Jul-21,74.606,74.549,74.668,74.498,4.37K,0.09%,16282.25
404,19-Jul-21,74.851,74.702,75.031,74.691,4.36K,0.33%,16364.40
405,20-Jul-21,74.53,74.967,74.982,74.535,4.71K,-0.43%,16529.10
406,21-Jul-21,74.486,74.527,74.64,74.493,1.00K,-0.06%,16563.05
407,22-Jul-21,74.45,74.438,74.53,74.304,4.59K,-0.05%,16614.60
408,23-Jul-21,74.425,74.467,74.577,74.374,2.41K,-0.03%,16568.85
409,26-Jul-21,74.33,74.462,74.537,74.33,4.14K,-0.13%,16450.50
410,27-Jul-21,74.498,74.275,74.545,74.275,4.57K,0.23%,16496.45
411,28-Jul-21,74.49,74.546,74.549,74.309,4.09K,-0.01%,16624.60
412,29-Jul-21,74.245,74.382,74.431,74.218,4.20K,-0.33%,16634.65
413,30-Jul-21,74.337,74.252,74.45,74.245,4.27K,0.12%,16636.90
414,02-Aug-21,74.354,74.368,74.434,74.316,3.96K,0.02%,16705.20
415,03-Aug-21,74.249,74.335,74.382,74.203,4.25K,-0.14%,16931.05
416,04-Aug-21,74.149,74.218,74.261,74.081,4.22K,-0.13%,17132.20
417,05-Aug-21,74.098,74.175,74.29,74.086,2.41K,-0.07%,17076.25
418,06-Aug-21,74.24,74.082,74.247,74.045,2.41K,0.19%,17234.15
419,09-Aug-21,74.48,74.262,74.502,74.197,3.36K,0.32%,17323.60
420,10-Aug-21,74.43,74.453,74.507,74.334,4.42K,-0.07%,17377.80
421,11-Aug-21,74.253,74.425,74.495,74.201,4.00K,-0.24%,17362.10
422,12-Aug-21,74.31,74.1,74.339,74.1,4.21K,0.08%,17353.50
423,13-Aug-21,74.239,74.266,74.326,74.24,3.14K,-0.10%,17369.25
424,16-Aug-21,74.16,74.224,74.297,74.117,0.85K,-0.11%,17355.30
425,17-Aug-21,74.37,74.145,74.394,74.133,2.25K,0.28%,17380.00
426,18-Aug-21,74.28,74.338,74.354,74.227,1.92K,-0.12%,17519.45
427,19-Aug-21,74.37,74.285,74.458,74.261,1.05K,0.12%,17629.50
428,20-Aug-21,74.347,74.385,74.48,74.325,2.38K,-0.03%,17585.15
429,23-Aug-21,74.12,74.274,74.309,74.084,2.12K,-0.31%,17396.90
430,24-Aug-21,74.133,74.106,74.232,74.087,1.92K,0.02%,17562.00
431,25-Aug-21,74.11,74.145,74.305,74.12,2.14K,-0.03%,17546.65
432,26-Aug-21,74.15,74.1,74.275,74.094,2.19K,0.05%,17822.95
433,27-Aug-21,73.47,74.15,74.207,73.455,20.69K,-0.92%,17853.20
434,30-Aug-21,73.292,73.451,73.563,73.188,5.17K,-0.24%,17855.10
435,31-Aug-21,72.947,73.421,73.421,72.907,2.39K,-0.47%,17748.60
436,01-Sep-21,72.99,72.992,73.16,72.913,5.01K,0.06%,17711.30
437,02-Sep-21,72.993,72.987,73.126,72.94,4.52K,0.00%,17618.15
438,03-Sep-21,72.982,73.024,73.156,72.934,4.18K,-0.02%,17532.05
439,06-Sep-21,73.073,73.02,73.128,72.987,2.14K,0.12%,17691.25
440,07-Sep-21,73.44,73.1,73.496,73.06,4.82K,0.50%,17822.30
441,08-Sep-21,73.769,73.396,73.867,73.389,5.68K,0.45%,17646.00
442,09-Sep-21,73.52,73.732,73.873,73.485,6.04K,-0.34%,17790.35
443,10-Sep-21,73.517,73.557,73.577,73.382,1.43K,0.00%,17895.20
444,13-Sep-21,73.56,73.565,73.79,73.555,4.56K,0.06%,17945.95
445,14-Sep-21,73.64,73.536,73.73,73.526,5.00K,0.11%,17991.95
446,15-Sep-21,73.44,73.647,73.74,73.421,4.99K,-0.27%,18161.75
447,16-Sep-21,73.57,73.45,73.618,73.335,5.41K,0.18%,18338.55
448,17-Sep-21,73.64,73.542,73.66,73.413,5.31K,0.10%,18477.05
449,20-Sep-21,73.646,73.847,73.858,73.615,5.14K,0.01%,18418.75
450,21-Sep-21,73.74,73.65,73.765,73.555,4.89K,0.13%,18266.60
451,22-Sep-21,73.8,73.757,73.935,73.655,5.26K,0.08%,18178.10
452,23-Sep-21,73.8,73.875,73.913,73.594,5.42K,0.00%,18114.90
453,24-Sep-21,73.813,73.844,73.877,73.615,4.78K,0.02%,18125.40
454,27-Sep-21,73.82,73.69,73.886,73.61,4.95K,0.01%,18268.40
455,28-Sep-21,74.19,73.8,74.254,73.729,5.47K,0.50%,18210.95
456,29-Sep-21,74.276,74.157,74.343,74.079,5.50K,0.12%,17857.25
457,30-Sep-21,74.164,74.325,74.368,74.121,5.20K,-0.15%,17671.65
458,01-Oct-21,74.131,74.185,74.375,74.081,5.44K,-0.05%,17929.65
459,04-Oct-21,74.568,74.145,74.598,74.12,3.00K,0.59%,17888.95
460,05-Oct-21,74.54,74.573,74.673,74.409,5.78K,-0.04%,17829.20
461,06-Oct-21,74.758,74.532,75.057,74.52,5.69K,0.29%,17916.80
462,07-Oct-21,74.805,74.768,74.935,74.699,6.98K,0.06%,18068.55
463,08-Oct-21,75.112,74.851,75.183,74.824,3.16K,0.41%,18044.25
464,11-Oct-21,75.383,75.125,75.544,75.052,6.50K,0.36%,18017.20
465,12-Oct-21,75.468,75.44,75.683,75.161,6.49K,0.11%,17873.60
466,13-Oct-21,75.287,75.503,75.522,75.178,5.88K,-0.24%,18102.75
467,14-Oct-21,74.976,75.266,75.369,74.97,5.45K,-0.41%,18109.45
468,15-Oct-21,75.013,74.99,75.074,74.881,2.33K,0.05%,17999.20
469,18-Oct-21,75.19,75.034,75.394,75.034,5.07K,0.24%,17898.65
470,19-Oct-21,75.101,75.24,75.275,74.877,1.38K,-0.12%,17764.80
471,20-Oct-21,74.79,75.085,75.192,74.748,5.36K,-0.41%,17416.55
472,21-Oct-21,74.869,74.825,74.929,74.689,5.31K,0.11%,17503.35
473,22-Oct-21,74.994,74.884,75.009,74.672,4.92K,0.17%,17415.05
474,25-Oct-21,75.017,74.96,75.187,74.887,48.09K,0.03%,17536.25
475,26-Oct-21,74.937,75.022,75.174,74.862,57.98K,-0.11%,17026.45
476,27-Oct-21,75.064,74.942,75.11,74.884,68.68K,0.17%,17053.95
477,28-Oct-21,74.783,75.069,75.144,74.75,67.43K,-0.37%,16983.20
478,29-Oct-21,74.915,74.788,75.034,74.74,67.39K,0.18%,17166.90
479,01-Nov-21,74.832,74.96,75.045,74.794,51.38K,-0.11%,17401.65
480,02-Nov-21,74.69,74.837,74.91,74.57,65.81K,-0.19%,17196.70
481,03-Nov-21,74.447,74.7,74.745,74.394,77.19K,-0.33%,16912.25
482,04-Nov-21,74.543,74.45,74.567,74.229,67.66K,0.13%,17176.70
483,05-Nov-21,74.174,74.548,74.57,74.164,53.61K,-0.49%,17469.75
484,08-Nov-21,73.904,74.221,74.283,73.876,5.39K,-0.36%,17516.85
485,09-Nov-21,74.17,73.925,74.175,73.834,5.54K,0.36%,17511.30
486,10-Nov-21,74.398,74.175,74.428,74.064,6.99K,0.31%,17368.25
487,11-Nov-21,74.296,74.41,74.592,74.274,5.77K,-0.14%,17324.90
488,12-Nov-21,74.342,74.341,74.545,74.287,5.29K,0.06%,17221.40
489,15-Nov-21,74.375,74.373,74.495,74.315,4.84K,0.04%,17248.40
490,16-Nov-21,74.452,74.438,74.535,74.284,6.39K,0.10%,16985.20
491,17-Nov-21,74.238,74.457,74.546,74.211,6.50K,-0.29%,16614.20
492,18-Nov-21,74.16,74.316,74.34,74.014,5.16K,-0.11%,16770.85
493,19-Nov-21,74.333,74.19,74.497,74.187,0.39K,0.23%,16955.45
494,22-Nov-21,74.428,74.345,74.516,74.286,4.65K,0.13%,17072.60
495,23-Nov-21,74.43,74.44,74.586,74.359,7.22K,0.00%,17003.75
496,24-Nov-21,74.605,74.426,74.622,74.31,4.43K,0.24%,17086.25
497,25-Nov-21,74.475,74.625,74.625,74.448,5.26K,-0.17%,17233.25
498,26-Nov-21,75.04,74.605,75.085,74.562,4.57K,0.76%,17213.60
499,29-Nov-21,75.033,74.838,75.174,74.791,3.08K,-0.01%,17203.95
500,30-Nov-21,75.09,75.05,75.201,74.847,4.96K,0.08%,17354.05
501,01-Dec-21,75.004,75.08,75.08,74.789,6.39K,-0.11%,17625.70
502,02-Dec-21,74.972,75.016,75.088,74.891,5.00K,-0.04%,17805.25
503,03-Dec-21,75.224,75.02,75.349,74.936,5.17K,0.34%,17925.25
504,06-Dec-21,75.39,75.198,75.478,75.183,2.46K,0.22%,17745.90
505,07-Dec-21,75.391,75.39,75.502,75.259,5.38K,0.00%,17812.70
506,08-Dec-21,75.358,75.415,75.569,75.3,5.39K,-0.04%,18003.30
507,09-Dec-21,75.583,75.394,75.688,75.382,5.23K,0.30%,18055.75
508,10-Dec-21,75.692,75.613,75.864,75.577,5.04K,0.14%,18212.35
509,13-Dec-21,75.76,75.685,75.811,75.57,4.90K,0.09%,18257.80
510,14-Dec-21,76.04,75.787,76.045,75.763,4.87K,0.37%,18255.75
511,15-Dec-21,76.34,76.099,76.419,76.025,2.85K,0.39%,18308.10
512,16-Dec-21,76.156,76.178,76.32,76.063,2.69K,-0.24%,18113.05
513,17-Dec-21,75.985,76.19,76.286,75.943,5.47K,-0.22%,17938.40
514,20-Dec-21,75.72,76.036,76.183,75.73,4.73K,-0.35%,17757.00
515,21-Dec-21,75.69,75.793,75.804,75.394,5.36K,-0.04%,17617.15
516,22-Dec-21,75.44,75.683,75.683,75.431,4.63K,-0.33%,17149.10
517,23-Dec-21,75.02,75.495,75.496,75.035,4.91K,-0.56%,17277.95
518,24-Dec-21,74.975,75.04,75.202,74.973,3.83K,-0.06%,17110.15
519,27-Dec-21,74.96,75.024,75.179,74.945,4.40K,-0.02%,17101.95
520,28-Dec-21,74.7,74.953,75,74.592,5.12K,-0.35%,17339.85
521,29-Dec-21,74.56,74.765,74.86,74.567,5.16K,-0.19%,17576.85
522,30-Dec-21,74.4,74.503,74.66,74.289,5.12K,-0.21%,17780.00
523,31-Dec-21,74.467,74.431,74.532,74.093,5.56K,0.09%,17560.20
524,03-Jan-22,74.373,74.463,74.484,74.244,2.28K,-0.13%,17516.30
525,04-Jan-22,74.501,74.385,74.712,74.375,5.74K,0.17%,17213.60
526,05-Jan-22,74.28,74.545,74.622,74.253,4.78K,-0.30%,17266.75
527,06-Jan-22,74.38,74.457,74.522,74.325,0,0.13%,17463.80
528,07-Jan-22,74.271,74.457,74.457,74.245,0,-0.15%,17605.85
529,10-Jan-22,74.02,74.23,74.243,74.005,0,-0.34%,17374.75
530,11-Jan-22,73.79,74.025,74.058,73.755,0,-0.31%,16842.80
531,12-Jan-22,73.776,73.802,74.055,73.748,0,-0.02%,17352.45
532,13-Jan-22,73.955,73.783,73.999,73.783,0,0.24%,17322.20
533,14-Jan-22,74.151,73.954,74.221,73.916,0,0.26%,17304.60
534,17-Jan-22,74.238,74.187,74.365,74.125,0,0.12%,17276.30
535,18-Jan-22,74.56,74.254,74.622,74.213,0,0.43%,17206.65
536,19-Jan-22,74.428,74.569,74.735,74.36,0,-0.18%,17092.20
537,20-Jan-22,74.446,74.414,74.533,74.292,0,0.02%,17063.25
538,21-Jan-22,74.383,74.473,74.578,74.276,0,-0.08%,16247.95
539,24-Jan-22,74.615,74.373,74.749,74.298,0,0.31%,16658.40
540,25-Jan-22,74.771,74.645,74.829,74.56,0,0.21%,16793.90
541,26-Jan-22,74.874,74.794,74.967,74.697,0,0.14%,16605.95
542,27-Jan-22,75.188,75.123,75.327,75.054,0,0.42%,16498.05
543,28-Jan-22,75.034,75.22,75.234,74.874,0,-0.20%,16245.35
544,31-Jan-22,74.529,75.033,75.074,74.556,0,-0.67%,15863.15
545,01-Feb-22,74.724,74.563,74.882,74.41,0,0.26%,16013.45
546,02-Feb-22,74.796,74.751,75.022,74.672,0,0.10%,16345.35
547,03-Feb-22,74.639,74.863,74.948,74.623,0,-0.21%,16594.90
548,04-Feb-22,74.64,74.644,74.866,74.613,0,0.00%,16630.45
549,07-Feb-22,74.629,74.699,74.783,74.605,0,-0.02%,16871.30
550,08-Feb-22,74.69,74.641,74.81,74.575,0,0.08%,16663.00
551,09-Feb-22,74.778,74.718,74.872,74.63,0,0.12%,16975.35
552,10-Feb-22,75.074,74.809,75.288,74.804,0,0.40%,17287.05
553,11-Feb-22,75.319,75.315,75.506,75.171,0,0.33%,17117.60
554,14-Feb-22,75.658,75.573,75.712,75.355,0,0.45%,17315.50
555,15-Feb-22,75.149,75.63,75.736,75.162,0,-0.67%,17245.65
556,16-Feb-22,75.022,75.175,75.297,74.947,0,-0.17%,17222.75
557,17-Feb-22,75.1,74.993,75.238,74.953,0,0.10%,17153.00
558,18-Feb-22,74.67,75.075,75.105,74.479,0,-0.57%,17222.00
559,21-Feb-22,74.495,74.584,74.741,74.343,0,-0.23%,17325.30
560,22-Feb-22,74.62,74.697,74.994,74.616,0,0.17%,17498.25
561,23-Feb-22,74.63,74.625,74.73,74.532,0,0.01%,17464.75
562,24-Feb-22,75.6,74.692,75.848,74.657,0,1.30%,17670.45
563,25-Feb-22,75.06,75.428,75.488,75.075,0,-0.71%,18053.40
564,28-Feb-22,75.493,75.76,75.79,75.282,0,0.58%,17957.40
565,01-Mar-22,75.752,75.289,75.816,75.26,0,0.34%,17807.65
566,02-Mar-22,75.611,75.912,75.94,75.569,0,-0.19%,17639.55
567,03-Mar-22,75.943,75.652,76.02,75.603,0,0.44%,17784.35
568,04-Mar-22,76.41,75.935,76.451,75.935,0,0.61%,17674.95
569,07-Mar-22,76.96,76.675,77.173,76.658,0,0.72%,17530.30
570,08-Mar-22,76.89,76.984,77.187,76.715,0,-0.09%,17475.65
571,09-Mar-22,76.355,76.915,77.004,76.317,0,-0.70%,17173.65
572,10-Mar-22,76.29,76.256,76.505,76.056,0,-0.09%,16958.65
573,11-Mar-22,76.483,76.372,76.715,76.249,0,0.25%,17136.55
574,14-Mar-22,76.43,76.663,76.715,76.445,0,-0.07%,17392.60
575,15-Mar-22,76.41,76.47,76.683,76.297,0,-0.03%,17171.95
576,16-Mar-22,76.19,76.266,76.486,76.117,0,-0.29%,16953.95
577,17-Mar-22,75.912,76.056,76.081,75.753,0,-0.36%,17200.80
578,18-Mar-22,76.05,76.079,76.215,76.007,0,0.18%,17038.40
579,21-Mar-22,76.28,76.058,76.293,76.005,0,0.30%,17245.05
580,22-Mar-22,76.131,76.29,76.498,75.995,0,-0.20%,17102.55
581,23-Mar-22,76.52,76.121,76.53,75.977,0,0.51%,17069.10
582,24-Mar-22,76.3,76.53,76.53,76.188,0,-0.29%,16677.60
583,25-Mar-22,76.28,76.246,76.309,76.125,0,-0.03%,16682.65
584,28-Mar-22,76.08,76.325,76.385,76.039,0,-0.26%,16411.25
585,29-Mar-22,75.64,75.98,76.164,75.566,0,-0.58%,16301.85
586,30-Mar-22,75.801,75.662,75.988,75.603,0,0.21%,16240.05
587,31-Mar-22,75.901,75.827,75.968,75.643,0,0.13%,16167.10
588,01-Apr-22,75.973,75.925,76.026,75.846,0,0.09%,15808.00
589,04-Apr-22,75.429,75.92,75.945,75.359,0,-0.72%,15782.15
590,05-Apr-22,75.443,75.44,75.56,75.266,0,0.02%,15842.30
591,06-Apr-22,75.929,75.428,76.077,75.41,0,0.64%,16259.30
592,07-Apr-22,75.891,75.945,76.055,75.762,0,-0.05%,16240.30
593,08-Apr-22,75.938,75.93,76.065,75.702,0,0.06%,15809.40
594,11-Apr-22,75.81,75.962,76.09,75.784,0,-0.17%,16266.15
595,12-Apr-22,76.055,75.94,76.197,75.927,0,0.32%,16214.70
596,13-Apr-22,76.095,76.15,76.28,76.023,0,0.05%,16125.15
597,14-Apr-22,76.265,76.147,76.294,76.074,0,0.22%,16025.80
598,15-Apr-22,76.305,76.309,76.349,76.278,0,0.05%,16170.15
599,18-Apr-22,76.261,76.313,76.435,76.205,0,-0.06%,16352.45
600,19-Apr-22,76.43,76.293,76.573,76.246,0,0.22%,16661.40
601,20-Apr-22,76.241,76.477,76.533,76.149,0,-0.25%,16584.55
602,21-Apr-22,76.241,76.265,76.373,76.076,0,0.00%,16522.75
603,22-Apr-22,76.46,76.296,76.546,76.195,0,0.29%,16628.00
604,25-Apr-22,76.72,76.558,76.788,76.543,0,0.34%,16584.30
605,26-Apr-22,76.66,76.553,76.698,76.436,0,-0.08%,16569.55
606,27-Apr-22,76.605,76.768,76.806,76.49,0,-0.07%,16416.35
607,28-Apr-22,76.66,76.54,76.732,76.419,0,0.07%,16356.25
608,29-Apr-22,76.52,76.618,76.694,76.271,0,-0.18%,16478.10
609,02-May-22,76.47,76.505,76.533,76.334,0,-0.07%,16201.80
610,03-May-22,76.46,76.49,76.692,76.449,0,-0.01%,15774.40
611,04-May-22,76.257,76.453,76.589,76.19,0,-0.27%,15732.10
612,05-May-22,76.492,76.155,76.577,75.99,0,0.31%,15692.15
613,06-May-22,76.956,76.518,77.078,76.512,0,0.61%,15360.60
614,09-May-22,77.35,77.001,77.536,76.988,0,0.51%,15293.50
615,10-May-22,77.202,77.381,77.458,77.115,0,-0.19%,15350.15
616,11-May-22,77.41,77.268,77.509,77.145,0,0.27%,15638.80
617,12-May-22,77.42,77.423,77.635,77.304,0,0.01%,15413.30
618,13-May-22,77.47,77.44,77.562,77.253,0,0.06%,15556.65
619,16-May-22,77.811,77.499,77.915,77.499,0,0.44%,15699.25
620,17-May-22,77.454,77.805,77.81,77.375,0,-0.46%,15832.05
621,18-May-22,77.8,77.463,77.81,77.46,0,0.45%,15850.20
622,19-May-22,77.4,77.815,77.82,77.386,0,-0.51%,15799.10
623,20-May-22,77.85,77.444,77.899,77.432,0,0.58%,15780.25
624,23-May-22,77.517,77.675,77.73,77.439,0,-0.43%,15752.05
625,24-May-22,77.46,77.543,77.687,77.469,0,-0.07%,15835.35
626,25-May-22,77.508,77.479,77.641,77.442,0,0.06%,15810.85
627,26-May-22,77.614,77.502,77.721,77.486,0,0.14%,15989.80
628,27-May-22,77.596,77.638,77.683,77.53,0,-0.02%,16132.90
629,30-May-22,77.537,77.594,77.594,77.473,0,-0.08%,16220.60
630,31-May-22,77.569,77.553,77.746,77.541,0,0.04%,16216.00
631,01-Jun-22,77.55,77.646,77.66,77.442,0,-0.02%,16058.30
632,02-Jun-22,77.382,77.556,77.654,77.383,0,-0.22%,15966.65
633,03-Jun-22,77.592,77.425,77.662,77.385,0,0.27%,15938.65
634,06-Jun-22,77.797,77.69,77.854,77.564,0,0.26%,16049.20
635,07-Jun-22,77.647,77.795,77.841,77.627,0,-0.19%,16278.50
636,08-Jun-22,77.683,77.703,77.791,77.6,0,0.05%,16340.55
637,09-Jun-22,77.8,77.721,77.881,77.686,0,0.15%,16520.85
638,10-Jun-22,78.116,77.78,78.202,77.762,0,0.41%,16605.25
639,13-Jun-22,78.087,78.195,78.313,77.968,0,-0.04%,16719.45
640,14-Jun-22,77.994,78.105,78.105,77.93,0,-0.12%,16631.00
641,15-Jun-22,78.148,78.013,78.229,77.971,0,0.20%,16483.85
642,16-Jun-22,77.949,78.037,78.109,77.911,0,-0.26%,16641.80
643,17-Jun-22,77.935,78.005,78.113,77.944,0,-0.02%,16929.60
644,20-Jun-22,77.899,78.004,78.037,77.856,0,-0.05%,17158.25
645,21-Jun-22,78.116,77.949,78.151,77.929,0,0.28%,17340.05
646,22-Jun-22,78.16,78.135,78.395,78.106,0,0.06%,17345.45
647,23-Jun-22,78.14,78.22,78.386,78.129,0,-0.03%,17388.15
648,24-Jun-22,78.23,78.162,78.365,78.113,0,0.12%,17382.00
649,27-Jun-22,78.42,78.268,78.571,78.193,0,0.24%,17397.50
650,28-Jun-22,78.97,78.449,79.049,78.432,0,0.70%,17525.10
651,29-Jun-22,78.92,79.007,79.07,78.843,0,-0.06%,17534.75
652,30-Jun-22,78.95,78.915,79.095,78.866,0,0.04%,17659.00
653,01-Jul-22,78.928,78.97,79.136,78.805,0,-0.03%,17698.15
654,04-Jul-22,78.909,78.978,79.062,78.859,0,-0.02%,17825.25
655,05-Jul-22,79.271,78.965,79.427,78.945,0,0.46%,17944.25
656,06-Jul-22,79.02,79.163,79.383,78.918,0,-0.32%,17956.50
657,07-Jul-22,79.15,79.048,79.261,78.885,0,0.16%,17758.45
658,08-Jul-22,79.26,79.18,79.435,79.128,0,0.14%,17490.70
659,11-Jul-22,79.41,79.255,79.585,79.255,0,0.19%,17577.50
660,12-Jul-22,79.45,79.466,79.666,79.459,0,0.05%,17604.95
661,13-Jul-22,79.65,79.49,79.87,79.475,0,0.25%,17522.45
662,14-Jul-22,79.89,79.708,80.235,79.666,0,0.30%,17558.90
663,15-Jul-22,79.76,79.867,79.979,79.715,0,-0.16%,17312.90
664,18-Jul-22,79.99,79.817,80.02,79.703,0,0.29%,17759.30
665,19-Jul-22,79.85,79.989,80.072,79.857,0,-0.18%,17542.80
666,20-Jul-22,79.98,79.907,80.067,79.878,0,0.16%,17539.45
667,21-Jul-22,79.85,80.026,80.067,79.76,0,-0.16%,17665.80
668,22-Jul-22,79.83,79.883,79.938,79.803,0,-0.03%,17655.60
669,25-Jul-22,79.691,79.784,79.885,79.678,0,-0.17%,17624.40
670,26-Jul-22,79.843,79.735,79.884,79.692,0,0.19%,17798.75
671,27-Jul-22,79.845,79.823,79.995,79.774,0,0.00%,17833.35
672,28-Jul-22,79.626,79.763,79.855,79.586,0,-0.27%,17936.35
673,29-Jul-22,79.336,79.604,79.604,79.168,0,-0.36%,18070.05
674,01-Aug-22,78.959,79.185,79.241,78.894,0,-0.48%,18003.75
675,02-Aug-22,78.587,78.961,79.002,78.393,0,-0.47%,17877.40
676,03-Aug-22,79.108,78.627,79.243,78.574,0,0.66%,17530.85
677,04-Aug-22,79.16,79.096,79.84,79.048,0,0.07%,17622.25
678,05-Aug-22,79.36,79.16,79.494,78.918,0,0.25%,17816.25
679,08-Aug-22,79.584,79.425,79.689,79.42,0,0.28%,17718.35
680,09-Aug-22,79.563,79.582,79.661,79.497,0,-0.03%,17629.80
681,10-Aug-22,79.09,79.56,79.613,79.018,0,-0.59%,17327.35
682,11-Aug-22,79.58,79.066,79.695,79.066,0,0.62%,17016.30
683,12-Aug-22,79.641,79.61,79.759,79.59,0,0.08%,17007.40
684,15-Aug-22,79.518,79.654,79.658,79.459,0,-0.15%,16858.60
685,16-Aug-22,79.248,79.55,79.605,79.25,0,-0.34%,16818.10
686,17-Aug-22,79.35,79.166,79.514,79.155,0,0.13%,17094.35
687,18-Aug-22,79.75,79.405,79.765,79.372,0,0.50%,16887.35
688,19-Aug-22,79.92,79.775,79.943,79.698,0,0.21%,17274.30
689,22-Aug-22,79.85,79.905,79.93,79.769,0,-0.09%,17331.80
690,23-Aug-22,79.847,79.875,79.919,79.682,0,0.00%,17314.65
691,24-Aug-22,79.78,79.875,79.9,79.691,0,-0.08%,17241.00
692,25-Aug-22,79.862,79.811,80.006,79.749,0,0.10%,16983.55
693,26-Aug-22,79.961,79.883,79.983,79.709,0,0.12%,17123.60
694,29-Aug-22,79.954,79.989,80.135,79.892,0,-0.01%,17014.35
695,30-Aug-22,79.665,79.968,79.985,79.417,0,-0.36%,17185.70
696,31-Aug-22,79.491,79.707,79.717,79.415,0,-0.22%,17311.80
